name,barcode,price,weight,category,date
Frozen Lemon & Dill Kingklip & Hake Fish Cakes 4 pk,6009223003618,119.99,,Frozen_food,29-05-2023
Fantastical™ Soft Scoop Berry Flavoured Ice Cream 2 L,6007875466553,89.99,2.0,Frozen_food,29-05-2023
Frozen Bao Buns with Spicy Prawn 300 g,6007875700527,159.99,0.3,Frozen_food,29-05-2023
Freshly Frozen Hake Medallions 450 g,6005000415087,94.99,0.45,Frozen_food,29-05-2023
Frozen Rainbow Trout Portions 400 g,6001009033895,204.99,0.4,Frozen_food,29-05-2023
Frozen Crumbed Hake Fish Cakes 300 g,20109233,79.99,0.3,Frozen_food,29-05-2023
Frozen Lightly Smoked Honeyed Norwegian Salmon 400 g,6009175675406,279.99,0.4,Frozen_food,29-05-2023
Frozen Chilli & Lime Norwegian Salmon Portions 400 g,6008000200530,279.99,0.4,Frozen_food,29-05-2023
Frozen Crumbed Fish Fingers 800 g,20012274,109.99,0.8,Frozen_food,29-05-2023
Frozen Tempura Hake Fillets 600 g,6009178641583,149.99,0.6,Frozen_food,29-05-2023
Frozen Lemon & Herb Rainbow Trout Portions 400 g,6005000459616,214.99,0.4,Frozen_food,29-05-2023
Frozen Tempura Snack with Prawns 400 g,6009000623411,219.99,0.4,Frozen_food,29-05-2023
Frozen Cooked & Peeled Medium Prawns 400 g,6005000152852,214.99,0.4,Frozen_food,29-05-2023
Frozen Norwegian Salmon Portions 400 g,6001009028983,299.99,0.4,Frozen_food,29-05-2023
Frozen Cooked & Peeled Small Prawns 800 g,6005000152876,304.99,0.8,Frozen_food,29-05-2023
Frozen Tempura Hake Portions 600 g,20012199,174.99,0.6,Frozen_food,29-05-2023
Frozen Cooked Prawn Ring 300 g,6009175272124,204.99,0.3,Frozen_food,29-05-2023
Frozen Lightly Dusted Hake Portions 450 g,6009178641545,134.99,0.45,Frozen_food,29-05-2023
Frozen Crispy Tempura Battered Hake Burgers 600 g,6009189725050,129.99,0.6,Frozen_food,29-05-2023
Frozen Crumbed Prawns 400 g,6009189654350,219.99,0.4,Frozen_food,29-05-2023
Frozen Cooked & Shell-On Large Prawns 500 g,6009195975401,214.99,0.5,Frozen_food,29-05-2023
Frozen Southern-Fried Calamari 500 g,6005000413007,164.99,0.5,Frozen_food,29-05-2023
Freshly Frozen Uncooked Extra Large Black Tiger Prawns 500 g,6009195975395,219.99,0.5,Frozen_food,29-05-2023
Frozen Crumbed Chicken Burgers 480 g,6009171619893,84.99,0.48,Frozen_food,29-05-2023
Frozen Chicken Mixed Portions 2 kg,6008000200578,109.99,2.0,Frozen_food,29-05-2023
Frozen Ciabatta Crumbed Chicken Cordon Bleu 540 g,6001009006332,99.99,0.54,Frozen_food,29-05-2023
Frozen Southern Fried Chicken Nibbles 400 g,6009178156513,76.99,0.4,Frozen_food,29-05-2023
Frozen Beef Oxtail 750 g,6009000282366,159.99,0.75,Frozen_food,29-05-2023
Frozen Crispy Chicken Breast Strips 400 g,6009195948757,76.99,0.4,Frozen_food,29-05-2023
Frozen Panko Crumbed Chicken & Garlic Kievs 540 g,20184360,99.99,0.54,Frozen_food,29-05-2023
Frozen Crumbed Chicken Nuggets 400 g,6008000486538,76.99,0.4,Frozen_food,29-05-2023
Frozen Leg of Lamb Avg 2.2 kg,2064970000000,417.98,2.0,Frozen_food,29-05-2023
Freshly Frozen Garden Peas 1 kg,20029388,64.99,1.0,Frozen_food,29-05-2023
Frozen Petits Pois Peas 500 g,20038717,49.99,0.5,Frozen_food,29-05-2023
Frozen Battered Onion Rings 500 g,6009171051198,64.99,0.5,Frozen_food,29-05-2023
"Freshly Frozen Peas, Baby Carrots & Sweetcorn Kernels 1 kg",20012502,64.99,1.0,Frozen_food,29-05-2023
Freshly Frozen Diced Vegetable Mix 1 kg,20159207,47.99,1.0,Frozen_food,29-05-2023
Freshly Frozen Sweetcorn Kernels 1 kg,20109615,64.99,1.0,Frozen_food,29-05-2023
Freshly Frozen Peas & Sweetcorn Kernels 750 g,6001009008237,64.99,0.75,Frozen_food,29-05-2023
Frozen French Fries 1 kg,20095550,61.99,1.0,Frozen_food,29-05-2023
Frozen Savoury Basmati Rice Mix 1 kg,6009182980777,99.99,1.0,Frozen_food,29-05-2023
Frozen Sweet Potato Chips 1 kg,6009173621795,64.99,1.0,Frozen_food,29-05-2023
Frozen Potato Wedges 750 g,6009000622698,76.99,0.75,Frozen_food,29-05-2023
Frozen Mashed Potato 1 kg,6009173621757,84.99,1.0,Frozen_food,29-05-2023
Frozen Oven Bake Potato Chips 1 kg,6009175018661,49.99,1.0,Frozen_food,29-05-2023
Frozen Steakhouse Cut Potato Chips 1 kg,6009173621801,69.99,1.0,Frozen_food,29-05-2023
Frozen Crispy Potato Rostis 500 g,6009171051204,44.99,0.5,Frozen_food,29-05-2023
Frozen Savoury Rice 1 kg,6009173621740,89.99,1.0,Frozen_food,29-05-2023
Frozen Crinkle Cut Potato Chips 1 kg,6009189924019,77.99,1.0,Frozen_food,29-05-2023
Easy to Cook Frozen Chicken Pies 4 pk,6009000069172,109.99,,Frozen_food,29-05-2023
Easy to Cook Frozen Pepper Steak Pies 4 pk,6009178835555,109.99,,Frozen_food,29-05-2023
Frozen Stonebaked Margherita Pizza 345 g,6009184875712,59.99,0.34,Frozen_food,29-05-2023
Frozen Stonebaked Pepperoni Pizza 340 g,6009184875729,69.99,0.34,Frozen_food,29-05-2023
Extremely Creamy Belgian Chocolate Dairy Ice Cream 1 L,6009000541869,99.99,1.0,Frozen_food,29-05-2023
Extremely Creamy Madagascan Vanilla Dairy Ice Cream 1 L,6001009028259,99.99,1.0,Frozen_food,29-05-2023
Frozen Granadilla Sorbet 1 L,6009175129008,86.99,1.0,Frozen_food,29-05-2023
Frozen Mixed Berry Sorbet 1 L,6001009028297,86.99,1.0,Frozen_food,29-05-2023
Extremely Creamy Italian Pistachio Dairy Ice Cream 1 L,6009178835104,99.99,1.0,Frozen_food,29-05-2023
Mint Flavoured Dairy Ice Cream 2 L,6008000486446,104.99,2.0,Frozen_food,29-05-2023
Stracciatella Dairy Ice Cream 2 L,6009175128933,104.99,2.0,Frozen_food,29-05-2023
Soft Scoop Vanilla Flavoured Ice Cream 2 L,6001009027986,79.99,2.0,Frozen_food,29-05-2023
Chocolate Dairy Ice Cream 2 L,6001009028037,104.99,2.0,Frozen_food,29-05-2023
Vanilla Flavoured Dairy Ice Cream  2 L,6001009028075,104.99,2.0,Frozen_food,29-05-2023
Tin Roof Dairy Ice Cream 2 L,6001009028051,104.99,2.0,Frozen_food,29-05-2023
"Soft Scoop Caramel, Chocolate & Vanilla Flavoured Ice Cream 2 L",6009189526046,79.99,2.0,Frozen_food,29-05-2023
Soft Scoop Mixed Berry Flavoured Ice Cream 2 L,6009189526022,79.99,2.0,Frozen_food,29-05-2023
Triple Caramel Dairy Ice Cream 2 L,6009189923999,104.99,2.0,Frozen_food,29-05-2023
Low Fat Chocolate & Vanilla Frozen Yoghurt Selection 4 x 175 ml,6008000486392,91.99,0.7,Frozen_food,29-05-2023
Low Fat Chocolate Frozen Yoghurt 175 ml,6009000805473,32.99,0.17,Frozen_food,29-05-2023
Low Fat Vanilla Frozen Yoghurt 175 ml,6009000805480,32.99,0.17,Frozen_food,29-05-2023
Low Fat Sabrosa Strawberry Frozen Yoghurt 175 ml,6009000805497,32.99,0.17,Frozen_food,29-05-2023
Low Fat Tropical Fruit Frozen Yoghurt 175 ml,6009000805503,32.99,0.17,Frozen_food,29-05-2023
Low Fat Blueberry Frozen Yoghurt 175 ml,6009173171399,32.99,0.17,Frozen_food,29-05-2023
Low Fat Tropical & Strawberry Frozen Yoghurt Selection 4 x 175 ml,6001009028150,91.99,0.7,Frozen_food,29-05-2023
Flat Bottom Party Ice Cream Cones 28 pk,6001622010167,44.99,,Frozen_food,29-05-2023
Large Sugar Cones 12  pk,6009184536507,72.99,,Frozen_food,29-05-2023
Mini Sugar Cones 18 pk,6009184536484,41.99,,Frozen_food,29-05-2023
Extremely Creamy Italian Kisses Dairy Ice Cream 416 g,6001009028167,114.99,0.42,Frozen_food,29-05-2023
Extremely Creamy Mini Vanilla Solos Dairy Ice Cream 6 x 50 g,6009000434482,109.99,0.3,Frozen_food,29-05-2023
Extremely Creamy Mini Almond Solos 6 x 55 g,6009000434499,109.99,0.33,Frozen_food,29-05-2023
Frozen Butter Scones 12 pk,20009724,112.99,,Frozen_food,29-05-2023
Frozen Pancakes 20 pk,20023614,104.99,,Frozen_food,29-05-2023
Frozen Triple Chocolate Mousse Cake 760 g,20110352,196.99,0.76,Frozen_food,29-05-2023
Freshly Frozen Summer Fruits 350 g,6009195948740,64.99,0.35,Frozen_food,29-05-2023
Freshly Frozen Blueberries 500 g,6009000623428,79.99,0.5,Frozen_food,29-05-2023
Freshly Frozen Raspberries 400 g,6009173168870,69.99,0.4,Frozen_food,29-05-2023
Freshly Frozen Berry Medley 350 g,6009178822166,69.99,0.35,Frozen_food,29-05-2023
Frozen All Butter Puff Pastry Sheets 2 x 250 g,6009175398916,82.99,0.5,Frozen_food,29-05-2023
Frozen Phyllo Pastry 500 g,6009178807309,52.99,0.5,Frozen_food,29-05-2023
Frozen Puff Pastry Roll 400 g,6009000072486,39.99,0.4,Frozen_food,29-05-2023
Frozen Oriental Bao Buns 300 g,6007875700510,159.99,0.3,Frozen_food,29-05-2023
Freshly Frozen Yellowfin Tuna Portions 400 g,6001009028976,243.95,0.4,Frozen_food,29-05-2023
Frozen Tempura Hake Nuggets 400 g,6009223970385,84.99,0.4,Frozen_food,29-05-2023
"Frozen Potato, Salmon & Spinach Stacks 500 g",6007875710267,149.99,0.5,Frozen_food,29-05-2023
Frozen Caramel Cheesecake 820 g,6007875550689,189.99,0.82,Frozen_food,29-05-2023
Frozen Falafel Selection Pack 340 g,6007875700534,95.99,0.34,Frozen_food,29-05-2023
Frozen Jalapeño Popper Bites 260 g,6007875700541,99.99,0.26,Frozen_food,29-05-2023
Frozen Beef Wellington Avg 960 g,2578490000001,634.49,0.96,Frozen_food,29-05-2023
Frozen Beef Brisket with Dry Rub Avg 1.35 kg,2578460000000,364.49,35.0,Frozen_food,29-05-2023
Frozen Panko Crumbed Trout Goujons 400 g,6007875710281,189.99,0.4,Frozen_food,29-05-2023
Frozen Lemon & Dill Half Norwegian Salmon Side 500 g,6009211447707,311.99,0.5,Frozen_food,29-05-2023
Frozen Beech Smoked Deboned Medium Gammon Avg 800 g,2576570000002,212.48,0.8,Frozen_food,29-05-2023
Frozen Beech Wood Smoked Kassler Chops Avg 800 g,2576560000005,44.0,0.8,Frozen_food,29-05-2023
Frozen Wood Smoked Back Bacon 250 g,6009223970354,44.99,0.25,Frozen_food,29-05-2023
Frozen Chicken Schnitzels Avg 800 g,2576480000000,110.49,0.8,Frozen_food,29-05-2023
Frozen Easy to Cook Lamb Shanks Avg 1.5 kg,2576850000005,492.99,5.0,Frozen_food,29-05-2023
Frozen English Muffins 4 pk,6009223967668,29.99,,Frozen_food,29-05-2023
Frozen Beef Lasagne 1 kg,6009223777731,189.99,1.0,Frozen_food,29-05-2023
Frozen Beef Steak Pie 650 g,6009223970613,124.99,0.65,Frozen_food,29-05-2023
Frozen Chicken Pie 650 g,6009223970620,124.99,0.65,Frozen_food,29-05-2023
Frozen Macaroni Cheese 1 kg,6009223777748,169.99,1.0,Frozen_food,29-05-2023
12 Frozen Chicken Portions Avg 1.5 kg,2576410000001,130.48,5.0,Frozen_food,29-05-2023
Frozen Bulk Grabouw Boerewors Avg 1.1 kg,2576500000003,164.99,1.0,Frozen_food,29-05-2023
Frozen Bulk Stewing Beef Avg 1.1 kg,2576250000001,142.99,1.0,Frozen_food,29-05-2023
Frozen Extra Lean Ostrich Mince 500 g,6009223970644,74.99,0.5,Frozen_food,29-05-2023
Frozen Free Range Lamb Chops Avg 1.1 kg,2576280000002,296.99,1.0,Frozen_food,29-05-2023
Frozen Lean Beef Mince 1 kg,6009223797661,179.99,1.0,Frozen_food,29-05-2023
Frozen Matured Thick Cut Beef Sirloin Steaks Avg 300 g,2576390000008,78.0,0.3,Frozen_food,29-05-2023
Frozen Matured Thick Cut Beef Rump Steak Avg 700 g,2576590000006,195.99,0.7,Frozen_food,29-05-2023
Freshly Frozen Uncooked & Peeled Large Prawns 500 g,6001009011817,234.99,0.5,Frozen_food,29-05-2023
Frozen Moroccan Pork Belly Espetadas Avg 800 g,2576320000009,119.99,0.8,Frozen_food,29-05-2023
Frozen Beef Ox Liver Avg 450 g,2576380000001,67.5,0.45,Frozen_food,29-05-2023
Frozen Whole Chicken Avg 1.5 kg,2576440000002,92.98,5.0,Frozen_food,29-05-2023
Frozen Gluten Free Double Chocolate Muffins 4 pk,6007875212877,57.99,,Frozen_food,29-05-2023
Frozen Gluten Free Hamburger Rolls 4 pk,6007875063592,47.99,,Frozen_food,29-05-2023
Frozen Gluten Free Hot Dog Rolls 4 pk,6007875199482,47.99,,Frozen_food,29-05-2023
Frozen Soft Rye Bread 500 g,6007875212891,43.99,0.5,Frozen_food,29-05-2023
Frozen Bulk Pork Chops Avg 1.1 kg,2576360000007,208.99,1.0,Frozen_food,29-05-2023
Frozen Brown Seeded Rolls 8 pk,6007875213027,24.99,,Frozen_food,29-05-2023
2 Frozen Free Range Sundried Tomato Chicken Espetadas Avg 800 g,2576170000006,135.99,0.8,Frozen_food,29-05-2023
Freshly Frozen Uncooked & Shell-On Large Prawns 500 g,6009173168900,234.99,0.5,Frozen_food,29-05-2023
6 Frozen Lemon & Black Pepper Marinated Chicken Kebabs 650 g,6009223967354,134.99,0.65,Frozen_food,29-05-2023
Frozen Portuguese Peri Peri Butterflied Chicken Avg 1.5 kg,2576210000003,140.59,5.0,Frozen_food,29-05-2023
Frozen Potstickers with Prawn 20 Pcs,6009214709802,199.99,,Frozen_food,29-05-2023
Frozen Vegetable Potstickers 20 Pcs,6009214709819,164.99,,Frozen_food,29-05-2023
Frozen Vegetable Spring Rolls 500 g,6009217241033,149.99,0.5,Frozen_food,29-05-2023
Frozen Uncooked Whole Mussels 700 g,6009223003595,154.99,0.7,Frozen_food,29-05-2023
Frozen Crispy Chicken Breast Strips 1 kg,6009223968023,149.99,1.0,Frozen_food,29-05-2023
Frozen Drum & Thigh Chicken Portions 1.5 kg,6008000200561,99.99,5.0,Frozen_food,29-05-2023
Frozen Crumbed Chicken Nuggets 1 kg,6009223967965,149.99,1.0,Frozen_food,29-05-2023
Frozen Country Crop Mix 1 kg,6009211273313,79.99,1.0,Frozen_food,29-05-2023
Frozen Broccoli & Cauliflower Gratin 480 g,6009223004011,69.99,0.48,Frozen_food,29-05-2023
Frozen Roasted Mexican-Style Corn Mix 500 g,6009214503714,49.99,0.5,Frozen_food,29-05-2023
CHUCKLES® Mini Malt Dairy Ice Cream Cones 6 x 65 g,6009223701224,121.99,0.39,Frozen_food,29-05-2023
Frozen Skin On Potato Chips 1 kg,6009223005117,64.99,1.0,Frozen_food,29-05-2023
Freshly Frozen Blackberries 350 g,6009214501987,64.99,0.35,Frozen_food,29-05-2023
Mini Strawberry & Vanilla Flavoured Dairy Ice Cream Cones 6 x 65 g,6009217629718,121.99,0.39,Frozen_food,29-05-2023
Freshly Frozen Strawberries 350 g,6009207398679,69.99,0.35,Frozen_food,29-05-2023
Freshly Frozen Summer Berries 350 g,6009214501970,64.99,0.35,Frozen_food,29-05-2023
Frozen Lightly Dusted Cajun Hake Portions 450 g,6009223371441,134.99,0.45,Frozen_food,29-05-2023
Frozen Panko Crumbed Hake Portions 550 g,6009214950792,164.99,0.55,Frozen_food,29-05-2023
Frozen Panko Crumbed Lemon & Black Pepper Hake Portions 550 g,6009214950785,146.99,0.55,Frozen_food,29-05-2023
Frozen Potato & Cream Gratin 480 g,6009223159230,69.99,0.48,Frozen_food,29-05-2023
Frozen Panko Crumbed Smoked Hake Fillets 600 g,6009214595177,164.99,0.6,Frozen_food,29-05-2023
Frozen Smoked Snoek & Sweet Potato Fish Cakes 4 x 100 g,6009207984445,113.99,0.4,Frozen_food,29-05-2023
Frozen Teriyake Norwegian Salmon Steamer 500 g,6009223003632,299.99,0.5,Frozen_food,29-05-2023
Frozen Mussels with Garlic & Herb Butter 500 g,6009214621319,119.99,0.5,Frozen_food,29-05-2023
Frozen Lamb Burgers 6 x 100 g,6009214673219,124.99,0.6,Frozen_food,29-05-2023
Frozen Trout Burgers 6 pk,6009217436514,134.99,,Frozen_food,29-05-2023
"Frozen Smoked Hake, Potato, Corn & Cheese Fish Cakes 500 g",6009207984452,124.99,0.5,Frozen_food,29-05-2023
Frozen Crumbed Vegetable Rounds 540 g,6009223211006,87.99,0.54,Frozen_food,29-05-2023
Frozen Panko Crumbed Chicken & Mushroom Pockets 540 g,6009217485307,94.99,0.54,Frozen_food,29-05-2023
Frozen Panko Crumbed Chicken Breast Fillets 550 g,6009217436460,94.99,0.55,Frozen_food,29-05-2023
Frozen PlantLove™ Minced Soya  300 g,6009217300525,69.99,0.3,Frozen_food,29-05-2023
Frozen PlantLove™ Soya Rounds 320 g,6009217300488,79.99,0.32,Frozen_food,29-05-2023
Frozen PlantLove™ Crumbed Savoury Soya Portions 400 g,6009217300471,79.99,0.4,Frozen_food,29-05-2023
Freshly Frozen Kingklip Steaks 400 g,6007875362831,179.99,0.4,Frozen_food,29-05-2023
Frozen PlantLove™ Crumbed Savoury Soya Bites 300 g,6009217300495,79.99,0.3,Frozen_food,29-05-2023
Frozen Mini All Butter Croissants 10 pk,6009217292745,99.99,,Frozen_food,29-05-2023
Frozen Mini Cheese Puffs 24 pk,6009217488704,129.99,,Frozen_food,29-05-2023
Frozen Mini Puff Pastry Selection 24 pk,6009217488711,134.99,,Frozen_food,29-05-2023
Frozen Lightly Dusted Chicken Breast Strips 400 g,6009217488735,76.99,0.4,Frozen_food,29-05-2023
Easy to Cook Frozen Fish Pie 800 g,6009211813892,184.99,0.8,Frozen_food,29-05-2023
Easy to Cook Frozen Hake Curry 800 g,6009211813908,189.99,0.8,Frozen_food,29-05-2023
Easy to Cook Frozen Salmon & Potato Dauphinoise 800 g,6009211167582,199.99,0.8,Frozen_food,29-05-2023
Frozen BBQ Chicken Mini Pizzas 10 x 65 g,6009217739561,104.99,0.65,Frozen_food,29-05-2023
Frozen Mini Cheese & Bacon Pizzas 10 x 60 g,6009214614779,104.99,0.6,Frozen_food,29-05-2023
Frozen Mini Cheese & Tomato Pizzas 10 x 54 g,6009214614786,104.99,0.54,Frozen_food,29-05-2023
Frozen Plant Powered™ Falafel & Veg Pizza 377 g,6009217821860,79.99,0.38,Frozen_food,29-05-2023
"Fresh Pet Frozen Steak and Kidney, Rice and Vegetables for Adult Dogs 500 g",6009207293752,49.99,0.5,Frozen_food,29-05-2023
Mixed Berry Dessert Sauce 280 g,6009214520551,51.99,0.28,Frozen_food,29-05-2023
Tropical Fruit Dessert Sauce 280 g,6009214520612,51.99,0.28,Frozen_food,29-05-2023
Fresh Pet Frozen Chunky Lamb Liver and Vegetables for Adult Dogs 500 g,6009214397696,49.99,0.5,Frozen_food,29-05-2023
Choc Coating Sauce 200 ml,6009211935396,64.99,0.2,Frozen_food,29-05-2023
"Fresh Pet Frozen Chicken, Rice and Vegetables For Adult Dogs 500 g",6009207293769,49.99,0.5,Frozen_food,29-05-2023
Extremely Creamy Mini White Almond Solos 6 x 55 g,6009214503738,109.99,0.33,Frozen_food,29-05-2023
Frozen Banoffee Pie 510 g,6009217510139,132.99,0.51,Frozen_food,29-05-2023
Large Chocolate Sugar Cones 12  pk,6009211935341,82.99,,Frozen_food,29-05-2023
Pink Sprinkles 50 g,6009189233197,36.99,0.05,Frozen_food,29-05-2023
Rainbow Sprinkles 50 g,6009189233265,36.99,0.05,Frozen_food,29-05-2023
Extremely Creamy Dairy Free Strawberry Flavoured Coconut Ice Cream 500 ml,6009211438828,49.99,0.5,Frozen_food,29-05-2023
Frozen Stir-Fry Vegetable Mix 1 kg,6009211180093,89.99,1.0,Frozen_food,29-05-2023
Creamy Toffee Dessert Sauce 280 g,6009214520575,51.99,0.28,Frozen_food,29-05-2023
Milk Chocolate Ripple Bars 10 pk,6009195030339,62.99,,Frozen_food,29-05-2023
Single Extremely Creamy Mini Caramel Solo Dairy Ice Cream 55 g,6009226185069,29.99,0.06,Frozen_food,29-05-2023
CHUCKLES® Malt Dairy Ice Cream 2 L,6009223606437,104.99,2.0,Frozen_food,29-05-2023
Extremely Creamy Mini Belgium Chocolate Solos 6 x 50 g,6009211804395,109.99,0.3,Frozen_food,29-05-2023
Extremely Creamy Dairy Free Caramel Flavoured Coconut Ice Cream 500 ml,6009211438842,49.99,0.5,Frozen_food,29-05-2023
Chocolate Sauce 280 g,6009214520568,54.99,0.28,Frozen_food,29-05-2023
Extremely Creamy Dairy Free Vanilla Flavoured Coconut Ice Cream 500 ml,6009211438835,49.99,0.5,Frozen_food,29-05-2023
"Fresh Pet Frozen Duck Liver, Barley and Vegetables For Adult Dogs 500 g",6009214397702,49.99,0.5,Frozen_food,29-05-2023
Frozen Strawberry Ice Lolly with Mint 70 ml,6009207399171,15.99,0.07,Frozen_food,29-05-2023
Extremely Creamy Mini Mint Crunch Solos 6 x 55 g,6009211808638,109.99,0.33,Frozen_food,29-05-2023
"Fresh Pet Frozen Steak, Rice and Vegetables For Adult Dogs 500 g",6009207293776,49.99,0.5,Frozen_food,29-05-2023
Frozen Orange Ice Lolly with Mango 70 ml,6009214538488,15.99,0.07,Frozen_food,29-05-2023
Single Extremely Creamy Mini Almond Solo 55 g,6009226185090,29.99,0.06,Frozen_food,29-05-2023
Single Extremely Creamy Mini White Almond Solo 55 g,6009226185106,29.99,0.06,Frozen_food,29-05-2023
"Fresh Pet Frozen Lamb's Liver, Rice and Vegetables 250 g",6009207293738,34.99,0.25,Frozen_food,29-05-2023
Frozen Spicy Thai Prawn Skewers 490 g,6009223702467,199.99,0.49,Frozen_food,29-05-2023
Frozen Belgian Chocolate Fondants 6 pk,6007875308358,129.99,,Frozen_food,29-05-2023
Frozen Orange Ice Lollies 6 x 70 ml,6009207399195,64.99,0.42,Frozen_food,29-05-2023
Single CHUCKLES® Mini Malt Crunch Solos 55 g,6009226185045,29.99,0.06,Frozen_food,29-05-2023
Blue Sprinkles 50 g,6009189233203,36.99,0.05,Frozen_food,29-05-2023
CHUCKLES® Mini Malt Crunch Solos 6 x 55 g,6009223604815,109.99,0.33,Frozen_food,29-05-2023
Cookies & Cream Flavoured Dairy Ice Cream 2 L,6009207519104,104.99,2.0,Frozen_food,29-05-2023
Single Extremely Creamy Mini Vanilla Solos Dairy Ice Cream 50 g,6009226185113,29.99,0.05,Frozen_food,29-05-2023
Caramel Crunch Sauce 200 ml,6009211935365,64.99,0.2,Frozen_food,29-05-2023
Frozen Granadilla Ice Lollies 6 x 70 ml,6009214514079,64.99,0.42,Frozen_food,29-05-2023
Frozen Strawberry Ice Lollies 6 x 70 ml,6009207523408,64.99,0.42,Frozen_food,29-05-2023
Raspberry Dessert Sauce 280 g,6009211935358,51.99,0.28,Frozen_food,29-05-2023
Soft Scoop Neapolitan Flavoured Ice Cream 2 L,6001009028020,79.99,2.0,Frozen_food,29-05-2023
Frozen Granadilla Ice Lolly with Mango 70 ml,6009207399188,15.99,0.07,Frozen_food,29-05-2023
Full Cream Red Berry Frozen Yoghurt 1 L,6009214595153,82.99,1.0,Frozen_food,29-05-2023
"Frozen Chicken Liver, Rice and Vegetables 500 g",6009207293745,49.99,0.5,Frozen_food,29-05-2023
Full Cream Double Toffee Frozen Yoghurt 1 L,6009214595221,82.99,1.0,Frozen_food,29-05-2023
"Fresh Pet Frozen Steak, Rice and Vegetables for Adult Dogs 250 g",6009207293721,34.99,0.25,Frozen_food,29-05-2023
Single Extremely Creamy Mini Belgium Chocolate Solos 50 g,6009226185083,29.99,0.05,Frozen_food,29-05-2023
Extremely Creamy Mini  Bars Dairy Ice Cream 8 pk,6009211804388,89.99,,Frozen_food,29-05-2023
"Fresh Pet Frozen Chicken, Rice and Vegetables 250 g",6009207293783,34.99,0.25,Frozen_food,29-05-2023
Single Extremely Creamy Mini Mint Crunch Solo 55 g,6009226185038,29.99,0.06,Frozen_food,29-05-2023
Mini Caramel Solos Dairy Ice Cream 6 x 55 g,6009217629701,109.99,0.33,Frozen_food,29-05-2023
Frozen Mixed Berry Medley Ice Lolly 70 ml,6009207399164,15.99,0.07,Frozen_food,29-05-2023
Almond Sprinkles 100 g,6009189953705,67.99,0.1,Frozen_food,29-05-2023
Frozen Mixed Berry Medley Ice Lollies 6 x 70 ml,6009207399201,64.99,0.42,Frozen_food,29-05-2023
Frozen Garlic Prawns 500 g,6009223606406,199.99,0.5,Frozen_food,29-05-2023
Granadilla & Mixed Berry Sorbet 4 x 175 ml,6009223371168,92.99,0.7,Frozen_food,29-05-2023
Peanut Butter Dairy Ice Cream 2 L,6009211273436,104.99,2.0,Frozen_food,29-05-2023
Strawberries & Cream Flavoured Dairy Ice Cream 2 L,6009223604907,104.99,2.0,Frozen_food,29-05-2023
